{"cameraMode":{"drawMode":0,"name":"Shaded","section":"Shading Mode"},"sceneLighting":true,"audioPlay":false,"sceneViewState":{"showFog":false,"showMaterialUpdate":false,"showSkybox":false,"showFlares":false,"showImageEffects":false,"showParticleSystems":false},"in2DMode":false,"pivot":{"x":0.8671116828918457,"y":5.381268501281738,"z":0.05181884765625},"rotation":{"x":0.08544164150953293,"y":-0.0782303661108017,"z":0.00672953762114048,"w":0.9932444095611572},"size":10.655351638793946,"orthographic":false}